step,epoch,batch,loss,acc,r,r_th,r_th_eff,mu,ps_grad_sq,tr_ps_sigma,deltaL_dom,deltaL_bulk,deltaL_full,lambda_max,two_over_lr,trigger,cstar,mask_applicable,r_th_gamma_eff
0,0,0,2.4813928604125977,-1.0,0.6328064831851228,inf,inf,-172.55104064941406,0.05479077622294426,0.08658377826213837,0.004607900977134705,0.2434101700782776,0.24601022899150848,-172.58865356445312,26.666666666666668,0,nan,0,nan
1,0,1,2.6977486610412598,-1.0,0.5943703730325477,inf,inf,-172.55104064941406,0.006712045986205339,0.027016183361411095,-0.0007065385580062866,-0.16778983175754547,-0.14635607600212097,-194.66287231445312,26.666666666666668,0,nan,0,nan
2,0,2,2.9655895233154297,-1.0,0.5358743941929212,inf,inf,-172.55104064941406,0.00011075581278419122,0.011769280768930912,-7.666647434234619e-05,0.07107304036617279,0.11458350718021393,-221.44354248046875,26.666666666666668,0,nan,0,nan
3,0,3,3.2247631549835205,-1.0,0.5079706943206377,inf,inf,-172.55104064941406,0.002088754903525114,0.008132596500217915,-0.002409607172012329,0.512599527835846,0.4929792582988739,-251.1322479248047,26.666666666666668,0,nan,0,nan
4,0,4,2.9510579109191895,-1.0,0.7261538632436366,inf,inf,-172.55104064941406,0.009217865765094757,0.003426967654377222,0.0024365484714508057,-0.5815827995538712,-0.42957423627376556,-141.1104736328125,26.666666666666668,0,nan,0,nan
5,0,5,4.367533206939697,-1.0,0.7087693160898131,inf,inf,-172.55104064941406,0.0013079828349873424,0.0023682110477238894,-0.0020778775215148926,0.6548433899879456,1.1463984549045563,-383.6573486328125,26.666666666666668,0,nan,0,nan
6,0,6,4.922732830047607,-1.0,2.135380864224503,inf,inf,-172.55104064941406,0.07816556096076965,0.00521977711468935,-0.05229523777961731,0.7375621497631073,0.7436524331569672,-313.9745788574219,26.666666666666668,0,nan,0,nan
7,0,7,5.826895713806152,-1.0,3.105842310186963,inf,inf,-172.55104064941406,0.0494258813560009,0.004174484871327877,0.000395357608795166,8.564157515764236,9.67199370265007,-248.16995239257812,26.666666666666668,0,nan,0,nan
8,0,8,4.56536865234375,-1.0,3.068633262782449,inf,inf,-172.55104064941406,0.0019052829593420029,0.0006969480309635401,0.0004352182149887085,-0.2869710177183151,-0.16907022893428802,-45.929935455322266,26.666666666666668,0,nan,0,nan
9,0,9,3.65413236618042,-1.0,2.801924072046943,inf,inf,-172.55104064941406,0.00040925995563156903,0.001019222429022193,-0.0005517750978469849,-1.1337586492300034,-1.2054473161697388,-26.81649398803711,26.666666666666668,0,nan,0,nan
10,0,10,3.143526077270508,-1.0,2.524363044257232,inf,inf,-172.55104064941406,1.6644122297293507e-05,0.0006325246067717671,6.592273712158203e-05,0.27685828506946564,0.3415198475122452,52.19256591796875,26.666666666666668,0,nan,0,nan
11,0,11,4.339883804321289,-1.0,2.4542823865992336,inf,inf,-172.55104064941406,0.0023589793127030134,0.0012936146231368184,-0.0009140223264694214,0.4449227899312973,0.09778380393981934,-43.77445602416992,26.666666666666668,0,nan,0,nan
12,0,12,4.374250888824463,-1.0,2.455323115442703,inf,inf,-172.55104064941406,0.001262317644432187,0.0005121608846820891,0.00022900104522705078,-0.6051915884017944,-0.2619869261980057,-48.067840576171875,26.666666666666668,0,nan,0,nan
13,0,13,3.4066901206970215,-1.0,2.476436911421568,inf,inf,-172.55104064941406,0.00122249370906502,0.00045847048750147223,-6.695091724395752e-05,-0.18407803773880005,-0.23729905486106873,266.3377990722656,26.666666666666668,0,nan,0,nan
14,0,14,2.9155516624450684,-1.0,2.2871504145212915,inf,inf,-172.55104064941406,0.002691455651074648,0.004612037446349859,-0.0011441409587860107,3.1669687628746033,2.7777538746595383,303.514404296875,26.666666666666668,0,nan,0,nan
15,0,15,3.0032081604003906,-1.0,2.1779348420697056,inf,inf,-172.55104064941406,0.002306414768099785,0.0019300627755001187,-0.001628592610359192,-0.5833913683891296,-0.5681739449501038,-13.793428421020508,26.666666666666668,0,nan,0,nan
16,0,16,3.695122241973877,-1.0,2.0415308641804444,inf,inf,-172.55104064941406,0.0005640035378746688,0.0006929683731868863,-0.0007300972938537598,0.33509452641010284,0.3165799230337143,-19.703672409057617,26.666666666666668,0,nan,0,nan
17,0,17,3.7491273880004883,-1.0,1.8435229888356972,inf,inf,-172.55104064941406,0.0004675727686844766,0.00760873407125473,0.0013682395219802856,0.6032640486955643,0.7805417329072952,-19.019384384155273,26.666666666666668,0,nan,0,nan
18,0,18,6.163332939147949,-1.0,1.808144377334247,inf,inf,-172.55104064941406,0.008046847768127918,0.0054015228524804115,-0.008936762809753418,-2.88472019135952,-2.5981584191322327,-65.24188232421875,26.666666666666668,0,nan,0,nan
19,0,19,3.193955898284912,-1.0,1.6544206389281468,inf,inf,-172.55104064941406,0.0008516855305060744,0.0031438299920409918,-0.0008106827735900879,-1.0239770710468292,-1.202284649014473,19.151321411132812,26.666666666666668,0,nan,0,nan
20,0,20,2.5585174560546875,-1.0,1.4997681961218503,inf,inf,-172.55104064941406,0.00015849844203330576,0.0014689898816868663,0.0001254826784133911,-0.005451232194900513,-0.07034468650817871,-12.916947364807129,26.666666666666668,0,nan,0,nan
21,0,21,3.6363871097564697,-1.0,1.468304482903792,inf,inf,-172.55104064941406,0.0015536131104454398,0.0013109209248796105,3.078579902648926e-05,-0.411233127117157,-0.376034677028656,163.6029510498047,26.666666666666668,0,nan,0,nan
22,0,22,4.023276329040527,-1.0,1.6822899627865153,inf,inf,-172.55104064941406,0.0004090805887244642,0.00011337653268128633,1.9147992134094238e-05,0.27387113869190216,0.33188365399837494,15.830572128295898,26.666666666666668,0,nan,0,nan
23,0,23,2.7815158367156982,-1.0,1.5930748509507149,inf,inf,-172.55104064941406,0.0001346942881355062,0.0001704691385384649,1.0386109352111816e-05,-0.15144255757331848,-0.1239839643239975,-10.025676727294922,26.666666666666668,0,nan,0,nan
24,0,24,2.974783420562744,-1.0,2.430626777542874,inf,inf,-172.55104064941406,0.0038879162166267633,0.0003900165029335767,-0.00034518539905548096,0.37863051891326904,0.3477063924074173,44.68117904663086,26.666666666666668,0,nan,0,nan
25,0,25,2.6338601112365723,-1.0,2.19167149288844,inf,inf,-172.55104064941406,1.673910992394667e-05,0.00040753610664978623,6.760656833648682e-05,0.09402929246425629,0.2515157163143158,56.53345489501953,26.666666666666668,0,nan,0,nan
26,0,26,3.409416437149048,-1.0,2.000429361785926,inf,inf,-172.55104064941406,0.00013782021414954215,0.0004935367032885551,-0.00013364851474761963,-0.6323119848966599,-0.5676653236150742,-63.52268981933594,26.666666666666668,0,nan,0,nan
27,0,27,3.5568888187408447,-1.0,1.8879981456206043,inf,inf,-172.55104064941406,0.000426553247962147,0.00048686779337003827,-8.222460746765137e-05,-0.17387361824512482,-0.1844341903924942,-11.864555358886719,26.666666666666668,0,nan,0,nan
28,0,28,2.611705780029297,-1.0,1.71867169942856,inf,inf,-172.55104064941406,6.773924542358145e-05,0.00034785582101903856,-2.753734588623047e-05,-0.35936810076236725,-0.46763095259666443,91.1223373413086,26.666666666666668,0,nan,0,nan
29,0,29,3.4565229415893555,-1.0,1.5502605374216845,inf,inf,-172.55104064941406,4.801332397619262e-05,0.0013892712304368615,4.4405460357666016e-06,-0.053260937333106995,-0.033602625131607056,43.40989685058594,26.666666666666668,0,nan,0,nan
30,0,30,3.0460386276245117,-1.0,1.438295799812375,inf,inf,-172.55104064941406,0.0001585501158842817,0.0003681961679831147,3.9130449295043945e-05,0.23249800503253937,0.44626106321811676,18.926300048828125,26.666666666666668,0,nan,0,nan
31,0,31,2.813127040863037,-1.0,1.433382405228293,inf,inf,-172.55104064941406,0.0010504075326025486,0.00075614481465891,-0.00014178454875946045,-0.41258668899536133,-0.38047052919864655,-39.34523010253906,26.666666666666668,0,nan,0,nan
32,0,32,2.1414732933044434,-1.0,1.2991061356142783,inf,inf,-172.55104064941406,5.0367656513117254e-05,0.0005558134871535003,1.5214085578918457e-05,-0.0007074326276779175,0.0256384015083313,8.039742469787598,26.666666666666668,0,nan,0,nan
33,0,33,2.5946855545043945,-1.0,1.268033657457036,inf,inf,-172.55104064941406,0.00041228107875213027,0.00041712753591127694,-6.404519081115723e-05,0.17975202202796936,0.21782581508159637,-17.213869094848633,26.666666666666668,0,nan,0,nan
34,0,34,2.3869454860687256,-1.0,1.265738577480603,inf,inf,-172.55104064941406,0.0001266750186914578,0.00010174023191211745,7.420778274536133e-06,-0.10791933536529541,-0.0989142507314682,41.601478576660156,26.666666666666668,0,nan,0,nan
35,0,35,2.816458225250244,-1.0,1.1665303812654573,inf,inf,-172.55104064941406,0.00038170418702065945,0.0013948290143162012,-4.8354268074035645e-05,-0.3561171144247055,-0.43857093155384064,7.292447566986084,26.666666666666668,0,nan,0,nan
36,0,36,2.5779614448547363,-1.0,1.0602679433867328,inf,inf,-172.55104064941406,5.8967849327018484e-05,0.0005675114807672799,-3.0249357223510742e-06,-0.1399098038673401,-0.17039401829242706,-12.374641418457031,26.666666666666668,0,nan,0,nan
37,0,37,2.578422784805298,-1.0,1.0326108351542553,inf,inf,-172.55104064941406,0.0002029066381510347,0.00025890959659591317,-5.513429641723633e-07,-0.18246208131313324,-0.16316893696784973,32.10124206542969,26.666666666666668,0,nan,0,nan
38,0,38,2.3193135261535645,-1.0,0.9293900088922319,inf,inf,-172.55104064941406,5.54034826905081e-08,0.0001376236032228917,3.3229589462280273e-06,-0.007742598652839661,0.004862979054450989,13.44919204711914,26.666666666666668,0,nan,0,nan
39,0,39,2.4138219356536865,-1.0,0.8616258376957753,inf,inf,-172.55104064941406,2.9556713343481533e-05,0.00011740581248886883,2.473592758178711e-06,-0.15962496399879456,-0.1574115753173828,11.862586975097656,26.666666666666668,0,nan,0,nan
40,0,40,2.342771530151367,-1.0,0.7821660247328726,inf,inf,-172.55104064941406,6.280561137828045e-06,9.370096813654527e-05,4.589557647705078e-06,0.3076474815607071,0.2844274640083313,30.38653564453125,26.666666666666668,0,nan,0,nan
41,0,41,2.4109511375427246,-1.0,0.7825303921157765,inf,inf,-172.55104064941406,5.845584746566601e-05,7.43893178878352e-05,-6.541609764099121e-06,-0.03593514859676361,-0.04935050010681152,28.507347106933594,26.666666666666668,0,nan,0,nan
42,0,42,2.5178327560424805,-1.0,0.9572494276664368,inf,inf,-172.55104064941406,0.0001173250493593514,4.6378656406886876e-05,2.175569534301758e-06,-0.1337887942790985,-0.1669730693101883,7.910001754760742,26.666666666666668,0,nan,0,nan
43,0,43,2.174741268157959,-1.0,0.8619549574703832,inf,inf,-172.55104064941406,2.247416432510363e-06,0.0005220812163315713,-7.301568984985352e-07,-0.07547247409820557,-0.11716915667057037,31.102012634277344,26.666666666666668,0,nan,0,nan
44,0,44,2.1124167442321777,-1.0,0.7916707830792996,inf,inf,-172.55104064941406,3.98366591980448e-06,2.5036675651790574e-05,-1.0281801223754883e-06,-0.016260415315628052,-0.012397229671478271,5.603704929351807,26.666666666666668,0,nan,0,nan
45,0,45,2.1708412170410156,-1.0,0.757775673500781,inf,inf,-172.55104064941406,1.2422886356944218e-05,2.744057019299362e-05,5.707144737243652e-06,-0.02203206717967987,-0.02494727075099945,21.93311882019043,26.666666666666668,0,nan,0,nan
46,0,46,2.29264760017395,-1.0,0.73603246187153,inf,inf,-172.55104064941406,3.018513052666094e-05,5.5862848967080936e-05,-1.9371509552001953e-06,-0.07699127495288849,-0.06336447596549988,7.794277667999268,26.666666666666668,0,nan,0,nan
47,0,47,2.1733903884887695,-1.0,0.6634117247187014,inf,inf,-172.55104064941406,3.901166394371103e-07,3.9706163079245016e-05,3.725290298461914e-07,-0.014380291104316711,-0.028958037495613098,15.208749771118164,26.666666666666668,0,nan,0,nan
48,0,48,2.080510377883911,-1.0,0.6661008951416789,inf,inf,-172.55104064941406,3.882466262439266e-05,5.624289406114258e-05,7.614493370056152e-06,-0.058792904019355774,-0.035450831055641174,6.935998916625977,26.666666666666668,0,nan,0,nan
49,0,49,2.2178878784179688,-1.0,1.1760473267749565,inf,inf,-172.55104064941406,0.0004636194498743862,8.041179535211995e-05,-1.4200806617736816e-05,0.002379313111305237,-0.04074637591838837,7.004001617431641,26.666666666666668,0,nan,0,nan
50,0,50,2.278240203857422,-1.0,1.058751722671702,inf,inf,-172.55104064941406,1.106002827100383e-07,3.5778084566118196e-05,3.5017728805541992e-06,-0.02114403247833252,-0.032252147793769836,25.227115631103516,26.666666666666668,0,nan,0,nan
51,0,51,2.0680549144744873,-1.0,0.9961663146572528,inf,inf,-172.55104064941406,6.593464149773354e-06,1.523100036138203e-05,-1.341104507446289e-07,0.0015644282102584839,0.014147266745567322,11.204913139343262,26.666666666666668,0,nan,0,nan
52,0,52,2.197962760925293,-1.0,1.6274107490275944,inf,inf,-172.55104064941406,0.00022325960162561387,3.054747503483668e-05,-1.169741153717041e-05,-0.12087295949459076,-0.07952308654785156,21.991464614868164,26.666666666666668,0,nan,0,nan
53,0,53,2.126613140106201,-1.0,1.801330414713416,inf,inf,-172.55104064941406,5.2588129619834945e-05,1.5620511476299725e-05,-1.545250415802002e-05,-0.018432676792144775,-0.02384355664253235,10.93402099609375,26.666666666666668,0,nan,0,nan
54,0,54,2.053745746612549,-1.0,1.6239127506192799,inf,inf,-172.55104064941406,1.7737349935487146e-06,6.532185943797231e-05,6.645917892456055e-06,0.003161795437335968,-0.004689827561378479,-20.833019256591797,26.666666666666668,0,nan,0,nan
55,0,55,2.379849910736084,-1.0,1.7541963307727786,inf,inf,-172.55104064941406,0.00017934921197593212,6.1279337387532e-05,-2.1979212760925293e-05,-0.15879850834608078,-0.2888832986354828,-11.374401092529297,26.666666666666668,0,nan,0,nan
56,0,56,2.1238858699798584,-1.0,1.722181038810394,inf,inf,-172.55104064941406,0.00010376077989349142,7.235539669636637e-05,4.410743713378906e-06,-0.13066671043634415,-0.1022828072309494,6.31077766418457,26.666666666666668,0,nan,0,nan
57,0,57,2.087442636489868,-1.0,1.5510563298979985,inf,inf,-172.55104064941406,3.493946678645443e-06,0.0003195502795279026,-6.0498714447021484e-06,-0.02734832465648651,-0.024885937571525574,-4.0428900718688965,26.666666666666668,0,nan,0,nan
58,0,58,2.178596019744873,-1.0,1.3960433295025079,inf,inf,-172.55104064941406,2.890016332912637e-07,0.00031198697979561985,4.842877388000488e-06,0.08102667331695557,0.04337242245674133,12.378410339355469,26.666666666666668,0,nan,0,nan
59,0,59,2.151381015777588,-1.0,1.2575419182565803,inf,inf,-172.55104064941406,3.70072370969865e-06,0.00033553820685483515,-2.1457672119140625e-06,-0.005435459315776825,-0.006525754928588867,18.508163452148438,26.666666666666668,0,nan,0,nan
60,0,60,2.192943811416626,-1.0,1.663738959482017,0.5262475446125319,0.5262475446125319,9.194621086120605,0.41483065485954285,0.0779828354716301,0.028239503502845764,-0.06077258288860321,-0.02765783667564392,8.830220222473145,26.666666666666668,0,nan,1,nan
61,0,61,2.3540189266204834,-1.0,1.6973721287221712,0.5262475446125319,0.5262475446125319,9.194621086120605,0.10250569134950638,0.05125103518366814,0.03667391836643219,-0.12831974029541016,-0.09677796065807343,-21.19223403930664,26.666666666666668,0,nan,1,nan
62,0,62,2.2967214584350586,-1.0,1.8554405469042372,0.5262475446125319,0.5262475446125319,9.194621086120605,0.09040547907352448,0.027578989043831825,0.010141819715499878,-0.004278063774108887,-0.0058038681745529175,6.428454399108887,26.666666666666668,0,nan,1,nan
63,0,63,2.7555785179138184,-1.0,2.717043320710517,0.5262475446125319,0.5262475446125319,9.194621086120605,0.20289406180381775,0.019375894218683243,0.025194615125656128,2.2661466747522354,1.7200525403022766,85.98446655273438,26.666666666666668,0,nan,1,nan
64,0,64,2.266611099243164,-1.0,2.77986098235217,0.5262475446125319,0.5262475446125319,9.194621086120605,0.0441458523273468,0.013196696527302265,0.012815654277801514,-0.08268308639526367,-0.07639770209789276,12.895331382751465,26.666666666666668,0,nan,1,nan
65,0,65,2.1358630657196045,-1.0,2.612677737156471,0.5262475446125319,0.5262475446125319,9.194621086120605,0.012577170506119728,0.011350944638252258,-0.006550967693328857,-0.06970134377479553,-0.06712651252746582,-23.595340728759766,26.666666666666668,0,nan,1,nan
66,0,66,2.2428200244903564,-1.0,2.379420241464042,0.5262475446125319,0.5262475446125319,9.194621086120605,0.0020411110017448664,0.007287007290869951,-0.0012219622731208801,-0.0414254367351532,-0.018228814005851746,13.891582489013672,26.666666666666668,0,nan,1,nan
67,0,67,2.138561248779297,-1.0,2.1452328607930067,0.5262475446125319,0.5262475446125319,9.194621086120605,0.00016023090574890375,0.004267539829015732,0.0007040947675704956,-0.022655636072158813,-0.023457199335098267,6.463949680328369,26.666666666666668,0,nan,1,nan
68,0,68,2.069289207458496,-1.0,1.9497973866215879,0.5262475446125319,0.5262475446125319,9.194621086120605,0.0017637324053794146,0.009240097366273403,-0.0029051750898361206,-0.04968111217021942,-0.08350509405136108,7.114864826202393,26.666666666666668,0,nan,1,nan
69,0,69,2.265202045440674,-1.0,1.9895102802532985,0.5262475446125319,0.5262475446125319,9.194621086120605,0.008885537274181843,0.003786031622439623,-0.0050125569105148315,-0.06563381850719452,-0.04768294095993042,4.065649032592773,26.666666666666668,0,nan,1,nan
70,0,70,2.004176378250122,-1.0,1.7908848116266347,0.5262475446125319,0.5262475446125319,9.194621086120605,1.2829501429223455e-05,0.003940755967050791,7.325410842895508e-05,0.005845621228218079,0.005858391523361206,7.604824066162109,26.666666666666668,0,nan,1,nan
71,0,71,2.1591241359710693,-1.0,1.6621931849589389,0.5262475446125319,0.5262475446125319,9.194621086120605,0.000965728482697159,0.0019162475364282727,-0.00035913288593292236,-0.011193513870239258,-0.0179293155670166,10.731287956237793,26.666666666666668,0,nan,1,nan
72,0,72,2.0723323822021484,-1.0,1.573583661274465,0.5262475446125319,0.5262475446125319,9.194621086120605,0.0007735632243566215,0.0009967340156435966,-0.0005570799112319946,-0.015062324702739716,-0.013543598353862762,9.737202644348145,26.666666666666668,0,nan,1,nan
73,0,73,2.0537033081054688,-1.0,1.4700226773564573,0.5262475446125319,0.5262475446125319,9.194621086120605,0.001225796528160572,0.0022785430774092674,-0.00020579993724822998,-0.016209453344345093,-0.01754666119813919,8.81828498840332,26.666666666666668,0,nan,1,nan
74,0,74,2.239093780517578,-1.0,1.4558860818877075,0.5262475446125319,0.5262475446125319,9.194621086120605,0.0033533673267811537,0.002523877890780568,-0.0006937086582183838,-0.029270946979522705,-0.02359158545732498,-15.684569358825684,26.666666666666668,0,nan,1,nan
75,0,75,2.099008560180664,-1.0,1.4898060405981708,0.5262475446125319,0.5262475446125319,9.194621086120605,0.0041719479486346245,0.0023240940645337105,0.00038682669401168823,0.0365624725818634,0.010509423911571503,19.932777404785156,26.666666666666668,0,nan,1,nan
76,0,76,2.060673713684082,-1.0,1.7008547095420736,0.5262475446125319,0.5262475446125319,9.194621086120605,0.01251273788511753,0.003475477918982506,-0.0013609975576400757,-0.0204663947224617,-0.02973882108926773,8.955622673034668,26.666666666666668,0,nan,1,nan
77,0,77,2.101017713546753,-1.0,1.5618971809303743,0.5262475446125319,0.5262475446125319,9.194621086120605,0.000845769012812525,0.0027170733083039522,4.487484693527222e-05,-0.013996347784996033,-0.01431090384721756,9.158723831176758,26.666666666666668,0,nan,1,nan
78,0,78,2.0706942081451416,-1.0,1.4550208955011488,0.5262475446125319,0.5262475446125319,9.194621086120605,0.002112103858962655,0.004283019341528416,0.00011621415615081787,-0.007553800940513611,-0.008640624582767487,8.123468399047852,26.666666666666668,0,nan,1,nan
79,0,79,2.095021963119507,-1.0,1.3745504489254114,0.5262475446125319,0.5262475446125319,9.194621086120605,0.0016616606153547764,0.00255515705794096,-6.4849853515625e-05,-0.016544729471206665,-0.011391967535018921,10.557952880859375,26.666666666666668,0,0.05,1,nan
80,0,80,2.160728931427002,-1.0,1.2375761747277654,0.5262475446125319,0.026312377230626596,9.194621086120605,1.787294058885891e-05,0.0037175603210926056,1.3753771781921387e-05,-0.023366302251815796,-0.023681752383708954,5.452131748199463,26.666666666666668,0,0.05,1,nan
81,0,81,2.0420758724212646,-1.0,1.119583114658877,0.5262475446125319,0.026312377230626596,9.194621086120605,0.0001673709775786847,0.002903448883444071,1.3083219528198242e-05,-0.012243911623954773,-0.01855974644422531,8.262170791625977,26.666666666666668,0,0.05,1,nan
82,0,82,2.0560455322265625,-1.0,1.1521044396581472,0.5262475446125319,0.026312377230626596,9.194621086120605,0.0029182962607592344,0.0020198668353259563,0.00023607909679412842,-0.02703574299812317,-0.029679030179977417,5.121699333190918,26.666666666666668,0,0.05,1,nan
83,0,83,2.0844058990478516,-1.0,1.0369529107938873,0.5262475446125319,0.026312377230626596,9.194621086120605,8.022129236451292e-07,0.0013616422656923532,4.686415195465088e-06,4.127621650695801e-05,0.00023284554481506348,12.616559982299805,26.666666666666668,0,0.05,1,nan
84,0,84,2.068955421447754,-1.0,0.9748051808954189,0.5262475446125319,0.026312377230626596,9.194621086120605,0.0007745518814772367,0.001864253543317318,3.803521394729614e-05,-0.010758280754089355,-0.011251479387283325,8.89367389678955,26.666666666666668,0,0.05,1,nan
85,0,85,1.958950161933899,-1.0,0.9172398422950925,0.5262475446125319,0.026312377230626596,9.194621086120605,0.0013389779487624764,0.0033545582555234432,9.566545486450195e-05,-0.0017606467008590698,0.0002872273325920105,7.5365471839904785,26.666666666666668,0,0.05,1,nan
86,0,86,2.1436409950256348,-1.0,1.020996370228183,0.5262475446125319,0.026312377230626596,9.194621086120605,0.006329358089715242,0.0032378460746258497,0.0012211576104164124,-0.011504188179969788,-0.005508579313755035,5.626741409301758,26.666666666666668,0,0.05,1,nan
87,0,87,2.188339948654175,-1.0,1.19207020522636,0.5262475446125319,0.026312377230626596,9.194621086120605,0.015019812621176243,0.005498269107192755,-0.0019381716847419739,-0.025927327573299408,-0.0365697517991066,9.62465763092041,26.666666666666668,0,0.05,1,nan
88,0,88,2.173186779022217,-1.0,1.1855564948798656,0.5262475446125319,0.026312377230626596,9.194621086120605,0.0026776441372931004,0.0023760453332215548,-0.0006448552012443542,-0.009862825274467468,-0.0082450732588768,8.91195297241211,26.666666666666668,0,0.05,1,nan
89,0,89,2.0997188091278076,-1.0,1.1036002565112935,0.5262475446125319,0.026312377230626596,9.194621086120605,0.0011491983896121383,0.0031399368308484554,-0.0002116858959197998,-0.008419536054134369,-0.00851421058177948,7.841865539550781,26.666666666666668,0,0.05,1,nan
90,0,90,2.133948802947998,-1.0,1.448857342974654,0.5262475446125319,0.026312377230626596,9.194621086120605,0.0054589021019637585,0.0011981336865574121,-0.00038917362689971924,-0.03148624300956726,-0.021499209105968475,7.910556793212891,26.666666666666668,0,0.05,1,nan
91,0,91,2.097416877746582,-1.0,1.3249347153460305,0.5262475446125319,0.026312377230626596,9.194621086120605,0.0004568372096400708,0.0021792438346892595,0.0001176297664642334,-0.016084842383861542,-0.022768832743167877,9.790440559387207,26.666666666666668,0,0.05,1,nan
92,0,92,2.0511486530303955,-1.0,1.2325336299563454,0.5262475446125319,0.026312377230626596,9.194621086120605,0.0011143648298457265,0.002779492409899831,7.564574480056763e-05,-0.005193345248699188,-0.005402453243732452,-7.298977851867676,26.666666666666668,0,0.05,1,nan
93,0,93,2.0313682556152344,-1.0,1.1205944512130828,0.5262475446125319,0.026312377230626596,9.194621086120605,0.0001991628232644871,0.0017602932639420033,4.060566425323486e-05,-0.00851430743932724,-0.012353725731372833,7.240605354309082,26.666666666666668,0,0.05,1,nan
94,0,94,1.9758267402648926,-1.0,1.0109183183025308,0.5262475446125319,0.026312377230626596,9.194621086120605,8.208327926695347e-05,0.0034440841991454363,-9.141862392425537e-06,-0.015904009342193604,-0.014867119491100311,7.509444236755371,26.666666666666668,0,0.05,1,nan
95,0,95,2.069822311401367,-1.0,1.02102440280913,0.5262475446125319,0.026312377230626596,9.194621086120605,0.005315075628459454,0.00477983383461833,-0.00028304755687713623,-0.025692090392112732,-0.0281660258769989,10.008573532104492,26.666666666666668,0,0.05,1,nan
96,0,96,2.191634178161621,-1.0,0.9616767524867526,0.5262475446125319,0.026312377230626596,9.194621086120605,0.0010128087596967816,0.002368877874687314,0.000261843204498291,-0.04923468083143234,-0.04295172542333603,-8.770990371704102,26.666666666666668,0,0.05,1,nan
97,0,97,2.12398624420166,-1.0,1.713923952803556,0.5262475446125319,0.026312377230626596,9.194621086120605,0.010575654916465282,0.0012465192703530192,0.00032448023557662964,-0.029158487915992737,-0.026260435581207275,-9.34301471710205,26.666666666666668,0,0.05,1,nan
98,0,98,2.0291426181793213,-1.0,1.8452676686641065,0.5262475446125319,0.026312377230626596,9.194621086120605,0.006571390200406313,0.0021706661209464073,0.0005867332220077515,-0.014080114662647247,-0.014393560588359833,7.287446022033691,26.666666666666668,0,0.05,1,nan
99,0,99,1.9891663789749146,-1.0,1.812818131413882,0.5262475446125319,0.026312377230626596,9.194621086120605,0.002571999793872237,0.0016912458231672645,-0.0006040707230567932,-0.005822233855724335,-0.0073000043630599976,9.001669883728027,26.666666666666668,0,0.05,1,nan
100,0,100,2.1290783882141113,-1.0,2.0571668702320016,0.5262475446125319,0.026312377230626596,9.194621086120605,0.006591717712581158,0.0015486946795135736,-0.0009886324405670166,-0.03271928429603577,-0.031642764806747437,6.817947864532471,26.666666666666668,0,0.05,1,nan
101,0,101,2.0511701107025146,-1.0,1.958157787563319,0.5262475446125319,0.026312377230626596,9.194621086120605,0.0015788323944434524,0.0014795875176787376,-0.00034371018409729004,-0.014713332056999207,-0.01613425463438034,8.911232948303223,26.666666666666668,0,0.05,1,nan
102,0,102,2.1452293395996094,-1.0,1.8491363330253843,0.5262475446125319,0.026312377230626596,9.194621086120605,0.0013292469084262848,0.0015314905904233456,0.0003029853105545044,-0.027468062937259674,-0.029503099620342255,6.263090133666992,26.666666666666668,0,0.05,1,nan
103,0,103,2.321232795715332,-1.0,1.9065661268316996,0.5262475446125319,0.026312377230626596,9.194621086120605,0.00659241434186697,0.0027202777564525604,0.00043691694736480713,-0.0281522274017334,-0.03129187226295471,6.087742328643799,26.666666666666668,0,0.05,1,nan
104,0,104,1.9353530406951904,-1.0,1.9019320948375167,0.5262475446125319,0.026312377230626596,9.194621086120605,0.004718190524727106,0.0025363536551594734,-0.0004849061369895935,-0.011275388300418854,-0.014893010258674622,7.924050807952881,26.666666666666668,0,0.05,1,nan
105,0,105,2.0312509536743164,-1.0,2.0708583590979135,0.5262475446125319,0.026312377230626596,9.194621086120605,0.006428031250834465,0.0017899422673508525,-0.00033543258905410767,-0.01222287118434906,-0.019081957638263702,4.469621658325195,26.666666666666668,0,0.05,1,nan
106,0,106,1.9615578651428223,-1.0,1.866281606463817,0.5262475446125319,0.026312377230626596,9.194621086120605,2.8239941457286477e-05,0.0011255083372816443,-3.633648157119751e-05,-0.011293970048427582,-0.009552903473377228,-5.8153486251831055,26.666666666666668,0,0.05,1,nan
107,0,107,2.1334166526794434,-1.0,1.6806134173559382,0.5262475446125319,0.026312377230626596,9.194621086120605,1.8641672795638442e-05,0.0019418984884396195,-2.8878450393676758e-05,-0.014502115547657013,-0.017338313162326813,-12.450719833374023,26.666666666666668,0,0.05,1,nan
108,0,108,2.1566097736358643,-1.0,1.758642360510108,0.5262475446125319,0.026312377230626596,9.194621086120605,0.004815966822206974,0.0019569918513298035,5.751103162765503e-05,0.004456557333469391,0.006081730127334595,9.088056564331055,26.666666666666668,0,0.05,1,nan
109,0,109,2.053679943084717,-1.0,1.6334515339285252,0.5262475446125319,0.026312377230626596,9.194621086120605,0.0013684214791283011,0.0027004724834114313,-0.00010260939598083496,-0.01723930984735489,-0.0173163041472435,4.126759052276611,26.666666666666668,0,0.05,1,nan
110,0,110,2.033519983291626,-1.0,1.6588959658458038,0.5262475446125319,0.026312377230626596,9.194621086120605,0.0025772869121283293,0.0013651637127622962,0.0003389120101928711,-0.009214058518409729,-0.008741475641727448,6.216145992279053,26.666666666666668,0,0.05,1,nan
111,0,111,2.0283379554748535,-1.0,1.672257767609743,0.5262475446125319,0.026312377230626596,9.194621086120605,0.005221272818744183,0.0029128212481737137,0.00022870302200317383,-0.005364805459976196,-0.005921021103858948,3.526141881942749,26.666666666666668,0,0.05,1,nan
112,0,112,2.1642465591430664,-1.0,1.821569523051728,0.5262475446125319,0.026312377230626596,9.194621086120605,0.00837598368525505,0.002646126551553607,-0.001220516860485077,-0.015741005539894104,-0.017825335264205933,3.502546787261963,26.666666666666668,0,0.05,1,nan
113,0,113,2.1355772018432617,-1.0,1.7582516778726338,0.5262475446125319,0.026312377230626596,9.194621086120605,0.001821373705752194,0.0015326383290812373,0.0006133094429969788,-0.03433418273925781,-0.029268115758895874,5.185878753662109,26.666666666666668,0,0.05,1,nan
114,0,114,2.0629141330718994,-1.0,1.5914669943158521,0.5262475446125319,0.026312377230626596,9.194621086120605,0.00012206901010358706,0.0013502485817298293,-6.064772605895996e-05,-0.011695370078086853,-0.013866640627384186,6.62666654586792,26.666666666666668,0,0.05,1,nan
115,0,115,1.9712421894073486,-1.0,1.4333539344410116,0.5262475446125319,0.026312377230626596,9.194621086120605,2.5107206965913065e-05,0.0024290098808705807,-1.2367963790893555e-06,-0.01319163292646408,-0.010730668902397156,6.245660781860352,26.666666666666668,0,0.05,1,nan
116,0,116,1.9478273391723633,-1.0,1.419578966747224,0.5262475446125319,0.026312377230626596,9.194621086120605,0.0033172753173857927,0.002560407854616642,6.614625453948975e-05,-0.008882910013198853,-0.010772615671157837,4.680899143218994,26.666666666666668,0,0.05,1,nan
117,0,117,2.0209643840789795,-1.0,1.3347838092407058,0.5262475446125319,0.026312377230626596,9.194621086120605,0.0010338567662984133,0.0018086200580000877,7.722526788711548e-05,-0.004718892276287079,-0.009783118963241577,5.5831685066223145,26.666666666666668,0,0.05,1,nan
118,0,118,1.890017032623291,-1.0,1.2015330143739378,0.5262475446125319,0.026312377230626596,9.194621086120605,7.663797077839263e-06,0.0033674282021820545,1.963973045349121e-05,-0.001330845057964325,-0.003596186637878418,5.04617166519165,26.666666666666668,0,0.05,1,nan
119,0,119,2.0366430282592773,-1.0,1.2178916041025503,0.5262475446125319,0.026312377230626596,9.194621086120605,0.00519097363576293,0.003802579827606678,-0.0015963837504386902,-0.03327903151512146,-0.022579722106456757,5.386497974395752,26.666666666666668,0,0.05,1,nan
120,0,120,1.9185566902160645,-1.0,1.8181707276438455,0.2873933774304714,0.01436966887152357,5.952977180480957,0.14270609617233276,0.019763518124818802,-0.002825222909450531,-0.03128238022327423,-0.027683444321155548,5.954096794128418,26.666666666666668,0,0.05,1,nan
121,0,121,2.1029462814331055,-1.0,2.3108328007856107,0.2873933774304714,0.01436966887152357,5.952977180480957,0.3675003945827484,0.05448654666543007,-0.0008186995983123779,-0.014561943709850311,-0.012198060750961304,7.654560089111328,26.666666666666668,0,0.05,1,nan
122,0,122,1.9280215501785278,-1.0,2.094449320524679,0.2873933774304714,0.01436966887152357,5.952977180480957,0.004067499190568924,0.027670439332723618,0.0003518015146255493,-0.005335204303264618,-0.007151499390602112,6.486104488372803,26.666666666666668,0,0.05,1,nan
123,0,123,1.8827898502349854,-1.0,2.6855925790896116,0.2873933774304714,0.01436966887152357,5.952977180480957,0.15609042346477509,0.019496968016028404,-0.007509380578994751,-0.00868205726146698,-0.015338756144046783,5.537580490112305,26.666666666666668,0,0.05,1,nan
124,0,124,2.0791070461273193,-1.0,2.6861539104364147,0.2873933774304714,0.01436966887152357,5.952977180480957,0.02628031000494957,0.009765254333615303,-0.004940688610076904,-0.025253474712371826,-0.025827355682849884,3.738553285598755,26.666666666666668,0,0.05,1,nan
125,0,125,1.9130772352218628,-1.0,3.0018230113680446,0.2873933774304714,0.01436966887152357,5.952977180480957,0.11855979263782501,0.02029144950211048,-0.0142478346824646,-0.03595390170812607,-0.05254623293876648,4.399135112762451,26.666666666666668,0,0.05,1,nan
126,0,126,1.9722323417663574,-1.0,2.8771732718372607,0.2873933774304714,0.01436966887152357,5.952977180480957,0.0367448627948761,0.0209333598613739,-0.00350324809551239,-0.018903888761997223,-0.024953268468379974,4.801952838897705,26.666666666666668,0,0.05,1,nan
127,0,127,2.0870003700256348,-1.0,3.1628670606572458,0.2873933774304714,0.01436966887152357,5.952977180480957,0.1177857294678688,0.0205412358045578,0.0036807209253311157,-0.005810670554637909,-0.0012832805514335632,5.39518404006958,26.666666666666668,0,0.05,1,nan
128,0,128,1.8739237785339355,-1.0,2.915195788987649,0.2873933774304714,0.01436966887152357,5.952977180480957,0.007255817763507366,0.010574614629149437,0.0007551386952400208,-0.01264345645904541,-0.020267851650714874,5.087334632873535,26.666666666666668,0,0.05,1,nan
129,0,129,1.9393723011016846,-1.0,2.6244029497783914,0.2873933774304714,0.01436966887152357,5.952977180480957,5.870202221558429e-05,0.008077448233962059,-1.8462538719177246e-05,-0.00762128084897995,-0.012572914361953735,6.5426926612854,26.666666666666668,0,0.05,1,nan
130,0,130,1.9358829259872437,-1.0,2.368478945534884,0.2873933774304714,0.01436966887152357,5.952977180480957,0.001011993270367384,0.015530204400420189,-0.00042854994535446167,-0.008237801492214203,-0.0048853084444999695,6.296200275421143,26.666666666666668,0,0.05,1,nan
131,0,131,1.99476158618927,-1.0,2.244527372656729,0.2873933774304714,0.01436966887152357,5.952977180480957,0.028592169284820557,0.025326041504740715,0.0006977319717407227,-0.00435929000377655,-0.0013285055756568909,5.9597625732421875,26.666666666666668,0,0.05,1,nan
132,0,132,1.872071385383606,-1.0,2.5139423619833807,0.2873933774304714,0.01436966887152357,5.952977180480957,0.03486146032810211,0.0070588658563792706,-0.0031519755721092224,-0.013026319444179535,-0.012009456753730774,6.6071624755859375,26.666666666666668,0,0.05,1,nan
133,0,133,1.8289501667022705,-1.0,2.3899488806614624,0.2873933774304714,0.01436966887152357,5.952977180480957,0.010761146433651447,0.008446689695119858,-0.0012418031692504883,-0.0055109187960624695,-0.007466919720172882,6.338194847106934,26.666666666666668,0,0.05,1,nan
134,0,134,1.9090020656585693,-1.0,2.2404075419397045,0.2873933774304714,0.01436966887152357,5.952977180480957,0.013330272398889065,0.014901893213391304,-0.00031723082065582275,-0.009327009320259094,-0.009240984916687012,5.833855628967285,26.666666666666668,0,0.05,1,nan
135,0,135,1.9059879779815674,-1.0,2.0249032252353576,0.2873933774304714,0.01436966887152357,5.952977180480957,0.0006890762597322464,0.00807217601686716,-9.988993406295776e-05,-0.008299440145492554,-0.005822688341140747,5.667971611022949,26.666666666666668,0,0.05,1,nan
136,0,136,1.9138822555541992,-1.0,1.930337962933307,0.2873933774304714,0.01436966887152357,5.952977180480957,0.014746946282684803,0.013664061203598976,-0.00012121349573135376,-0.013328827917575836,-0.01346740871667862,5.4527668952941895,26.666666666666668,0,0.05,1,nan
137,0,137,2.2141776084899902,-1.0,2.6626144738629742,0.2873933774304714,0.01436966887152357,5.952977180480957,0.1492885947227478,0.01613389514386654,-1.920759677886963e-05,-0.02910570800304413,-0.026386737823486328,7.947925090789795,26.666666666666668,0,0.05,1,nan
138,0,138,1.9278699159622192,-1.0,2.446157694304619,0.2873933774304714,0.01436966887152357,5.952977180480957,0.011448577977716923,0.02298695780336857,-0.001367725431919098,-0.010626360774040222,-0.011671282351016998,8.792887687683105,26.666666666666668,0,0.05,1,nan
139,0,139,1.911492109298706,-1.0,2.4573295948584803,0.2873933774304714,0.01436966887152357,5.952977180480957,0.02548322081565857,0.009962646290659904,-0.00229489803314209,-0.012681163847446442,-0.019348829984664917,-8.965654373168945,26.666666666666668,0,0.05,1,nan
140,0,140,1.9542874097824097,-1.0,2.215451304481988,0.2873933774304714,0.01436966887152357,5.952977180480957,0.0002854045305866748,0.0074041252955794334,4.1969120502471924e-05,-0.0050020962953567505,-0.005899325013160706,5.606480121612549,26.666666666666668,0,0.05,1,nan
141,0,141,1.9247233867645264,-1.0,2.4921553679286728,0.2873933774304714,0.01436966887152357,5.952977180480957,0.03188715875148773,0.006399841513484716,-0.0014328956604003906,-0.013269513845443726,-0.011366374790668488,5.222716331481934,26.666666666666668,0,0.05,1,nan
142,0,142,1.9298614263534546,-1.0,2.258034029507494,0.2873933774304714,0.01436966887152357,5.952977180480957,0.0017324796644970775,0.011477785184979439,0.00011476874351501465,-0.01695561408996582,-0.023686900734901428,5.43012809753418,26.666666666666668,0,0.05,1,nan
143,0,143,2.0546071529388428,-1.0,2.145474647814291,0.2873933774304714,0.01436966887152357,5.952977180480957,0.011460583657026291,0.010120254941284657,0.0005796626210212708,-0.02218298614025116,-0.016945339739322662,7.723949432373047,26.666666666666668,0,0.05,1,nan
144,0,144,1.8691059350967407,-1.0,2.4621200331564483,0.2873933774304714,0.01436966887152357,5.952977180480957,0.05645376071333885,0.010627733543515205,-0.0025492236018180847,-0.0030838921666145325,-0.0043304115533828735,5.216618537902832,26.666666666666668,0,0.05,1,nan
145,0,145,1.9129366874694824,-1.0,2.2162575564762745,0.2873933774304714,0.01436966887152357,5.952977180480957,3.641124567366205e-05,0.010417302139103413,-4.159659147262573e-05,-0.004481740295886993,-0.002446480095386505,5.781940460205078,26.666666666666668,0,0.05,1,nan
146,0,146,1.9031418561935425,-1.0,2.513359019399402,0.2873933774304714,0.01436966887152357,5.952977180480957,0.0666927844285965,0.012857005000114441,0.001227736473083496,-0.02102591097354889,-0.016658470034599304,7.261971473693848,26.666666666666668,0,0.05,1,nan
147,0,147,1.9901988506317139,-1.0,2.266528357860234,0.2873933774304714,0.01436966887152357,5.952977180480957,0.0006613414734601974,0.014679382555186749,-0.00024709850549697876,-0.021631106734275818,-0.02177395671606064,6.855959892272949,26.666666666666668,0,0.05,1,nan
148,0,148,1.8665236234664917,-1.0,2.1142388767672924,0.2873933774304714,0.01436966887152357,5.952977180480957,0.019513681530952454,0.026240991428494453,-0.0006490573287010193,-0.008044086396694183,-0.010325461626052856,6.1625776290893555,26.666666666666668,0,0.05,1,nan
149,0,149,1.904273271560669,-1.0,1.9999208501252188,0.2873933774304714,0.01436966887152357,5.952977180480957,0.014756940305233002,0.015196755528450012,-0.0002576485276222229,-0.011998109519481659,-0.010736346244812012,-8.438678741455078,26.666666666666668,0,0.05,1,nan
150,0,150,1.8476815223693848,-1.0,1.8136344903218067,0.2873933774304714,0.01436966887152357,5.952977180480957,0.0008413171744905412,0.006138436030596495,9.045004844665527e-06,-0.00472036749124527,-0.0047363415360450745,5.2208428382873535,26.666666666666668,0,0.05,1,nan
151,0,151,1.998640537261963,-1.0,1.6365461654822757,0.2873933774304714,0.01436966887152357,5.952977180480957,0.0006145191728137434,0.01437429990619421,-2.7514994144439697e-05,-0.009453542530536652,-0.009973019361495972,4.655423164367676,26.666666666666668,0,0.05,1,nan
152,0,152,1.830113410949707,-1.0,1.4991492569961637,0.2873933774304714,0.01436966887152357,5.952977180480957,0.001793535309843719,0.006830509752035141,9.261071681976318e-05,-0.005830869078636169,-0.00908014178276062,7.907217979431152,26.666666666666668,0,0.05,1,nan
153,0,153,1.998755693435669,-1.0,2.0748927936881576,0.2873933774304714,0.01436966887152357,5.952977180480957,0.05447555333375931,0.007507051341235638,-0.0013425648212432861,-0.024087443947792053,-0.025807537138462067,5.672183036804199,26.666666666666668,0,0.05,1,nan
154,0,154,1.847313642501831,-1.0,1.9931857118241656,0.2873933774304714,0.01436966887152357,5.952977180480957,0.007124891504645348,0.005664467345923185,-0.0004101395606994629,-0.026040345430374146,-0.027814850211143494,5.757425785064697,26.666666666666668,0,0.05,1,nan
155,0,155,1.9764158725738525,-1.0,1.7969600868570217,0.2873933774304714,0.01436966887152357,5.952977180480957,0.0004447136598173529,0.014378318563103676,-2.3253262042999268e-05,-0.036370255053043365,-0.029606737196445465,5.931342601776123,26.666666666666668,0,0.05,1,nan
156,0,156,1.8926966190338135,-1.0,2.0377687706735985,0.2873933774304714,0.01436966887152357,5.952977180480957,0.037132423371076584,0.00883044209331274,0.0006051063537597656,-0.018721096217632294,-0.014410905539989471,6.289780139923096,26.666666666666668,0,0.05,1,nan
157,0,157,1.8902904987335205,-1.0,1.9968167848065617,0.2873933774304714,0.01436966887152357,5.952977180480957,0.010446707718074322,0.006415915675461292,-0.001197129487991333,-0.015285372734069824,-0.012529179453849792,5.4641265869140625,26.666666666666668,0,0.05,1,nan
158,0,158,1.7927861213684082,-1.0,2.085720757965357,0.2873933774304714,0.01436966887152357,5.952977180480957,0.026204058900475502,0.009080166928470135,-0.002945229411125183,-0.017140835523605347,-0.01606181263923645,6.985844612121582,26.666666666666668,0,0.05,1,nan
159,0,159,2.018054485321045,-1.0,2.0139194431456433,0.2873933774304714,0.01436966887152357,5.952977180480957,0.012086369097232819,0.008836953900754452,-0.0014717504382133484,-0.013197362422943115,-0.012634307146072388,6.1144843101501465,26.666666666666668,0,0.05,1,nan
160,0,160,1.972118616104126,-1.0,2.223536976108665,0.2873933774304714,0.01436966887152357,5.952977180480957,0.031806521117687225,0.00773863447830081,-0.0011850744485855103,-0.027300402522087097,-0.029960565268993378,7.561173439025879,26.666666666666668,0,0.05,1,nan
161,0,161,1.9642022848129272,-1.0,2.059587828038535,0.2873933774304714,0.01436966887152357,5.952977180480957,0.007447804324328899,0.01275209616869688,0.0002913549542427063,-0.046498991549015045,-0.043662816286087036,6.1288347244262695,26.666666666666668,0,0.05,1,nan
162,0,162,1.896759271621704,-1.0,1.8668155516138518,0.2873933774304714,0.01436966887152357,5.952977180480957,0.0027231124695390463,0.020650750026106834,-8.207559585571289e-05,-0.04077853262424469,-0.03314658999443054,4.914518356323242,26.666666666666668,0,0.05,1,nan
163,0,163,1.7627373933792114,-1.0,1.8402673271999617,0.2873933774304714,0.01436966887152357,5.952977180480957,0.019378483295440674,0.012101467698812485,0.00043448060750961304,-0.009300529956817627,-0.008407972753047943,4.092288494110107,26.666666666666668,0,0.05,1,nan
164,0,164,1.9746358394622803,-1.0,1.7033354819919786,0.2873933774304714,0.01436966887152357,5.952977180480957,0.005335589405149221,0.01132944505661726,-0.000467739999294281,-0.012148462235927582,-0.009622886776924133,4.954017639160156,26.666666666666668,0,0.05,1,nan
165,0,165,1.9195449352264404,-1.0,1.943975165930008,0.2873933774304714,0.01436966887152357,5.952977180480957,0.023170296102762222,0.005637908820062876,-0.0010671168565750122,-0.005848415195941925,-0.005659662187099457,4.363032341003418,26.666666666666668,0,0.05,1,nan
166,0,166,1.802517294883728,-1.0,1.7534065861914139,0.2873933774304714,0.01436966887152357,5.952977180480957,0.0008066748268902302,0.021067854017019272,-0.00013828277587890625,-0.0028080567717552185,-0.003824479877948761,3.687396764755249,26.666666666666668,0,0.05,1,nan
167,0,167,1.9605730772018433,-1.0,1.5780725258218378,0.2873933774304714,0.01436966887152357,5.952977180480957,2.8117372607994184e-07,0.004261338151991367,-1.3336539268493652e-06,-0.012989819049835205,-0.015691958367824554,3.977424144744873,26.666666666666668,0,0.05,1,nan
168,0,168,1.7839264869689941,-1.0,1.555218876733991,0.2873933774304714,0.01436966887152357,5.952977180480957,0.024829057976603508,0.018398217856884003,9.079277515411377e-05,-0.00892975926399231,-0.01595761626958847,4.046682357788086,26.666666666666668,0,0.05,1,nan
169,0,169,1.8566536903381348,-1.0,1.5357196239077557,0.2873933774304714,0.01436966887152357,5.952977180480957,0.008596789091825485,0.006320116575807333,-0.00048810243606567383,-0.01011696457862854,-0.009159877896308899,4.458788871765137,26.666666666666668,0,0.05,1,nan
170,0,170,1.974722146987915,-1.0,1.5817625559522654,0.2873933774304714,0.01436966887152357,5.952977180480957,0.02353164367377758,0.011788520961999893,-0.0006012246012687683,-0.014441177248954773,-0.009854018688201904,4.477516174316406,26.666666666666668,0,0.05,1,nan
171,0,171,1.8494911193847656,-1.0,1.5305574959973296,0.2873933774304714,0.01436966887152357,5.952977180480957,0.01599256508052349,0.014950347132980824,-0.0007766932249069214,-0.007917582988739014,-0.009037286043167114,-4.330629825592041,26.666666666666668,0,0.05,1,nan
172,0,172,1.9688284397125244,-1.0,1.4970145018292358,0.2873933774304714,0.01436966887152357,5.952977180480957,0.007374236360192299,0.006170250475406647,-2.0481646060943604e-05,-0.01099368929862976,-0.015409573912620544,-8.669647216796875,26.666666666666668,0,0.05,1,nan
173,0,173,1.950998067855835,-1.0,1.554057348461746,0.2873933774304714,0.01436966887152357,5.952977180480957,0.026781393215060234,0.012953872792422771,-8.638948202133179e-05,-0.00837310403585434,-0.008431650698184967,4.298591136932373,26.666666666666668,0,0.05,1,nan
174,0,174,1.761030912399292,-1.0,1.4116113989190697,0.2873933774304714,0.01436966887152357,5.952977180480957,0.0005828649736940861,0.0044974894262850285,-9.17091965675354e-05,-0.006240025162696838,-0.006667107343673706,4.025955677032471,26.666666666666668,0,0.05,1,nan
175,0,175,1.9185373783111572,-1.0,1.5702785563744817,0.2873933774304714,0.01436966887152357,5.952977180480957,0.02680112048983574,0.008938822895288467,-0.00080890953540802,-0.014119647443294525,-0.01481790840625763,5.439678192138672,26.666666666666668,0,0.05,1,nan
176,0,176,1.9409465789794922,-1.0,1.5423730416826194,0.2873933774304714,0.01436966887152357,5.952977180480957,0.01229972206056118,0.009525634348392487,0.0003311857581138611,-0.01353801041841507,-0.006653226912021637,4.742343425750732,26.666666666666668,0,0.05,1,nan
177,0,177,1.8998887538909912,-1.0,1.4250656974350364,0.2873933774304714,0.01436966887152357,5.952977180480957,0.0068172430619597435,0.018459925428032875,0.0005495548248291016,-0.010605067014694214,-0.01520218700170517,5.786835193634033,26.666666666666668,0,0.05,1,nan
178,0,178,1.8740708827972412,-1.0,1.2835137750248056,0.2873933774304714,0.01436966887152357,5.952977180480957,0.0001090705263777636,0.011425216682255268,9.42125916481018e-05,-0.01773499697446823,-0.01761888712644577,5.6040568351745605,26.666666666666668,0,0.05,1,nan
179,0,179,1.7164802551269531,-1.0,1.3004979787477593,0.2873933774304714,0.01436966887152357,5.952977180480957,0.015333665534853935,0.010550524108111858,-0.00116073340177536,-0.011962786316871643,-0.014447174966335297,6.56131649017334,26.666666666666668,0,0.05,1,nan
180,0,180,1.8038147687911987,-1.0,1.300819616459929,0.26850515914374484,0.013425257957187242,5.644547462463379,0.03502945601940155,0.026868965476751328,-0.0006234720349311829,-0.0043657198548316956,-0.00648876279592514,5.6468610763549805,26.666666666666668,0,0.05,1,nan
181,0,181,1.726553201675415,-1.0,1.1920435504986395,0.26850515914374484,0.013425257957187242,5.644547462463379,0.006592975929379463,0.030944373458623886,-1.9647181034088135e-05,-0.00550321489572525,-0.006700366735458374,5.3884735107421875,26.666666666666668,0,0.05,1,nan
182,0,182,1.8644955158233643,-1.0,1.1120693099463306,0.26850515914374484,0.013425257957187242,5.644547462463379,0.010760480538010597,0.027429133653640747,0.0003684908151626587,-0.013550646603107452,-0.012462496757507324,4.051225185394287,26.666666666666668,0,0.05,1,nan
183,0,183,1.8158111572265625,-1.0,1.01513765683217,0.26850515914374484,0.013425257957187242,5.644547462463379,0.005848726723343134,0.04097101837396622,0.0008579418063163757,-0.009682886302471161,-0.006618082523345947,4.8835906982421875,26.666666666666668,0,0.05,1,nan
184,0,184,1.9224486351013184,-1.0,1.0322783098765709,0.26850515914374484,0.013425257957187242,5.644547462463379,0.045978039503097534,0.038749538362026215,-0.0006293579936027527,-0.01819734275341034,-0.0204305499792099,3.0459587574005127,26.666666666666668,0,0.05,1,nan
185,0,185,1.6649547815322876,-1.0,0.9303584780175198,0.26850515914374484,0.013425257957187242,5.644547462463379,0.0005041303229518235,0.03854209929704666,-0.00016464293003082275,-0.0007773786783218384,-0.0004226788878440857,3.967956066131592,26.666666666666668,0,0.05,1,nan
186,0,186,1.8470898866653442,-1.0,0.8589681080688008,0.26850515914374484,0.013425257957187242,5.644547462463379,0.007703346665948629,0.03558871150016785,0.0008001849055290222,-0.009496919810771942,-0.009591840207576752,4.770486831665039,26.666666666666668,0,0.05,1,nan
187,0,187,1.8176543712615967,-1.0,0.930287128031316,0.26850515914374484,0.013425257957187242,5.644547462463379,0.039694081991910934,0.025248145684599876,0.0017926543951034546,-0.016255877912044525,-0.015680603682994843,5.631624221801758,26.666666666666668,0,0.05,1,nan
188,0,188,1.8134238719940186,-1.0,1.077602651326428,0.26850515914374484,0.013425257957187242,5.644547462463379,0.04991649463772774,0.020768750458955765,-0.0018239542841911316,-0.013914890587329865,-0.016998201608657837,5.778796195983887,26.666666666666668,0,0.05,1,nan
189,0,189,1.7694816589355469,-1.0,1.4870628613577923,0.26850515914374484,0.013425257957187242,5.644547462463379,0.18046188354492188,0.034890707582235336,-0.0007960200309753418,-0.013295575976371765,-0.013065390288829803,6.645151138305664,26.666666666666668,0,0.05,1,nan
190,0,190,1.771562933921814,-1.0,1.4755664685913983,0.26850515914374484,0.013425257957187242,5.644547462463379,0.04613715782761574,0.03362524136900902,0.0006308630108833313,-0.00791458785533905,-0.0025043711066246033,6.8655266761779785,26.666666666666668,0,0.05,1,nan
191,0,191,1.735186219215393,-1.0,2.1702789071852164,0.26850515914374484,0.013425257957187242,5.644547462463379,0.26482823491096497,0.03144223615527153,-0.014700353145599365,-0.009683340787887573,-0.020959191024303436,9.225053787231445,26.666666666666668,0,0.05,1,nan
192,0,192,1.7170166969299316,-1.0,1.978772392831217,0.26850515914374484,0.013425257957187242,5.644547462463379,0.008588096126914024,0.03365059942007065,-0.0025844499468803406,-0.013932563364505768,-0.01628948003053665,8.070487022399902,26.666666666666668,0,0.05,1,nan
193,0,193,1.7683995962142944,-1.0,2.7618158511400024,0.26850515914374484,0.013425257957187242,5.644547462463379,0.40167489647865295,0.040948763489723206,-0.012835241854190826,-0.022011905908584595,-0.03235559165477753,-13.064064979553223,26.666666666666668,0,0.05,1,nan
194,0,194,1.8820672035217285,-1.0,2.665215178618208,0.26850515914374484,0.013425257957187242,5.644547462463379,0.07921915501356125,0.04411334916949272,0.000915922224521637,-0.016538456082344055,-0.017500579357147217,8.091812133789062,26.666666666666668,0,0.05,1,nan
195,0,195,1.5915064811706543,-1.0,2.8714446209116926,0.26850515914374484,0.013425257957187242,5.644547462463379,0.0675966814160347,0.014298581518232822,-0.0032092854380607605,-0.0036600083112716675,-0.005820922553539276,8.136478424072266,26.666666666666668,0,0.05,1,nan
196,0,196,1.7007014751434326,-1.0,3.5275522628712292,0.26850515914374484,0.013425257957187242,5.644547462463379,0.25924110412597656,0.027483755722641945,-0.008908309042453766,-0.022075451910495758,-0.025383688509464264,8.203498840332031,26.666666666666668,0,0.05,1,nan
197,0,197,1.8608181476593018,-1.0,3.2932024916905585,0.26850515914374484,0.013425257957187242,5.644547462463379,0.05855553224682808,0.049453407526016235,-0.0037144869565963745,-0.02028108388185501,-0.02105119824409485,8.639192581176758,26.666666666666668,0,0.05,1,nan
198,0,198,1.7085893154144287,-1.0,3.0747113999311164,0.26850515914374484,0.013425257957187242,5.644547462463379,0.07468754053115845,0.06738979369401932,-0.00021742284297943115,-0.008760690689086914,-0.0073198601603507996,9.165851593017578,26.666666666666668,0,0.05,1,nan
199,0,199,1.7414779663085938,-1.0,2.9901757046552047,0.26850515914374484,0.013425257957187242,5.644547462463379,0.0353337898850441,0.015849336981773376,-0.004254594445228577,-0.012878604233264923,-0.014985345304012299,9.44422435760498,26.666666666666668,0,0.05,1,nan
200,0,200,1.7756729125976562,-1.0,3.000944368889629,0.26850515914374484,0.013425257957187242,5.644547462463379,0.13588343560695648,0.04386361315846443,-0.007310785353183746,-0.03054048866033554,-0.02709975093603134,8.040840148925781,26.666666666666668,0,0.05,1,nan
201,0,201,1.8814868927001953,-1.0,2.880971071953606,0.26850515914374484,0.013425257957187242,5.644547462463379,0.06910774111747742,0.038367368280887604,5.514174699783325e-05,-0.017051711678504944,-0.019876942038536072,7.2835259437561035,26.666666666666668,0,0.05,1,nan
202,0,202,1.6757044792175293,-1.0,2.6864719543810405,0.26850515914374484,0.013425257957187242,5.644547462463379,0.022615179419517517,0.024162035435438156,0.0015609487891197205,-0.010793253779411316,-0.009260401129722595,7.919312477111816,26.666666666666668,0,0.05,1,nan
203,0,203,1.800180435180664,-1.0,2.5308470417100972,0.26850515914374484,0.013425257957187242,5.644547462463379,0.033421821892261505,0.02957100234925747,-0.0030034705996513367,-0.02155180275440216,-0.018720529973506927,-5.238821506500244,26.666666666666668,0,0.05,1,nan
204,0,204,1.8659340143203735,-1.0,2.878774041145925,0.26850515914374484,0.013425257957187242,5.644547462463379,0.10729936510324478,0.01785312406718731,-0.0015608668327331543,-0.02857740968465805,-0.029817432165145874,-4.201648235321045,26.666666666666668,0,0.05,1,nan
205,0,205,1.895681381225586,-1.0,2.667998200386099,0.26850515914374484,0.013425257957187242,5.644547462463379,0.027538565918803215,0.03571726009249687,-0.0015024319291114807,-0.02349057048559189,-0.023201964795589447,4.863201141357422,26.666666666666668,0,0.05,1,nan
206,0,206,1.8013287782669067,-1.0,2.4696863799047937,0.26850515914374484,0.013425257957187242,5.644547462463379,0.010339312255382538,0.015096531249582767,-0.00042857974767684937,-0.01370500773191452,-0.015705041587352753,7.3477301597595215,26.666666666666668,0,0.05,1,nan
207,0,207,1.844462275505066,-1.0,2.293426418826663,0.26850515914374484,0.013425257957187242,5.644547462463379,0.011966697871685028,0.016923945397138596,0.0006812736392021179,-0.015224471688270569,-0.014880344271659851,6.055080413818359,26.666666666666668,0,0.05,1,nan
208,0,208,1.7872401475906372,-1.0,2.235213927479758,0.26850515914374484,0.013425257957187242,5.644547462463379,0.04156400263309479,0.02428794838488102,0.0034738928079605103,-0.014756813645362854,-0.007446669042110443,6.647758483886719,26.666666666666668,0,0.05,1,nan
209,0,209,1.856977105140686,-1.0,2.5857573938353675,0.26850515914374484,0.013425257957187242,5.644547462463379,0.1896906942129135,0.033043425530195236,-0.011527091264724731,-0.012584321200847626,-0.017693668603897095,6.389088153839111,26.666666666666668,0,0.05,1,nan
210,0,210,1.7051583528518677,-1.0,2.399691009876133,0.26850515914374484,0.013425257957187242,5.644547462463379,0.03413572907447815,0.047077689319849014,-0.0035199597477912903,-0.022254593670368195,-0.020031943917274475,7.4327192306518555,26.666666666666668,0,0.05,1,nan
211,0,211,1.835556149482727,-1.0,2.325669670641809,0.26850515914374484,0.013425257957187242,5.644547462463379,0.0821622982621193,0.04951094090938568,-0.0025767087936401367,-0.013363771140575409,-0.016716457903385162,6.632076740264893,26.666666666666668,0,0.05,1,nan
212,0,212,1.8097034692764282,-1.0,2.2702128798712917,0.26850515914374484,0.013425257957187242,5.644547462463379,0.09196628630161285,0.051926031708717346,0.002644933760166168,-0.009001336991786957,-0.005855098366737366,5.796195983886719,26.666666666666668,0,0.05,1,nan
213,0,213,1.6695005893707275,-1.0,2.058778461423506,0.26850515914374484,0.013425257957187242,5.644547462463379,0.008034035563468933,0.05154361203312874,-0.002744920551776886,-0.007994100451469421,-0.010346464812755585,5.2964630126953125,26.666666666666668,0,0.05,1,nan
214,0,214,1.88018798828125,-1.0,2.6986691998385055,0.26850515914374484,0.013425257957187242,5.644547462463379,0.14686162769794464,0.01736428029835224,-0.016824670135974884,-0.038412101566791534,-0.05177772790193558,5.382429122924805,26.666666666666668,0,0.05,1,nan
215,0,215,1.8367373943328857,-1.0,2.7048735695827206,0.26850515914374484,0.013425257957187242,5.644547462463379,0.09589726477861404,0.03473641350865364,-0.011762142181396484,-0.03308320790529251,-0.038275279104709625,-6.449851036071777,26.666666666666668,0,0.05,1,nan
216,0,216,1.921523094177246,-1.0,2.7100216880336876,0.26850515914374484,0.013425257957187242,5.644547462463379,0.061463259160518646,0.022298747673630714,-0.004476279020309448,-0.007465474307537079,-0.010457582771778107,5.445099830627441,26.666666666666668,0,0.05,1,nan
217,0,217,1.7618165016174316,-1.0,3.067338642562836,0.26850515914374484,0.013425257957187242,5.644547462463379,0.12572115659713745,0.020009124651551247,-0.004128888249397278,-0.0030371621251106262,-0.0060389041900634766,4.065208911895752,26.666666666666668,0,0.05,1,nan
218,0,218,1.9151840209960938,-1.0,3.240518752049016,0.26850515914374484,0.013425257957187242,5.644547462463379,0.11132633686065674,0.023197144269943237,-0.0037740692496299744,-0.011424235999584198,-0.016308657824993134,4.592410564422607,26.666666666666668,0,0.05,1,nan
219,0,219,1.7419404983520508,-1.0,3.0215096411345352,0.26850515914374484,0.013425257957187242,5.644547462463379,0.020595038309693336,0.0196063369512558,-0.002756349742412567,-0.013768218457698822,-0.014117211103439331,4.872868061065674,26.666666666666668,0,0.05,1,nan
220,0,220,1.8206361532211304,-1.0,2.8382502299084122,0.26850515914374484,0.013425257957187242,5.644547462463379,0.01781432330608368,0.014983674511313438,-0.001995295286178589,-0.01364881545305252,-0.01506894826889038,4.906117916107178,26.666666666666668,0,0.05,1,nan
221,0,221,1.7509678602218628,-1.0,2.703556703320986,0.26850515914374484,0.013425257957187242,5.644547462463379,0.021504679694771767,0.01441994495689869,-0.0014582499861717224,-0.01172705739736557,-0.008875258266925812,-4.836328029632568,26.666666666666668,0,0.05,1,nan
222,0,222,1.8088128566741943,-1.0,2.5099990196077977,0.26850515914374484,0.013425257957187242,5.644547462463379,0.006108310539275408,0.007953737862408161,-0.0005252361297607422,-0.010397516191005707,-0.010958582162857056,-6.283300399780273,26.666666666666668,0,0.05,1,nan
223,0,223,1.6858525276184082,-1.0,2.2598244412515034,0.26850515914374484,0.013425257957187242,5.644547462463379,0.00016576504276599735,0.02008485421538353,-4.4718384742736816e-05,-0.008871182799339294,-0.011029988527297974,4.64814567565918,26.666666666666668,0,0.05,1,nan
224,0,224,1.7461472749710083,-1.0,2.045504968914396,0.26850515914374484,0.013425257957187242,5.644547462463379,0.0012742065591737628,0.0109252305701375,0.00022901594638824463,-0.009548217058181763,-0.015509970486164093,7.42875862121582,26.666666666666668,0,0.05,1,nan
225,0,225,1.8941184282302856,-1.0,1.9231600293107771,0.26850515914374484,0.013425257957187242,5.644547462463379,0.014987492933869362,0.018231727182865143,-0.0014498084783554077,-0.010843925178050995,-0.014351621270179749,4.8696136474609375,26.666666666666668,0,0.05,1,nan
226,0,226,1.8520722389221191,-1.0,1.7311559506544385,0.26850515914374484,0.013425257957187242,5.644547462463379,4.0821290895109996e-05,0.013086923398077488,2.349168062210083e-05,0.004104249179363251,-0.003348834812641144,9.301471710205078,26.666666666666668,0,0.05,1,nan
227,0,227,1.7342426776885986,-1.0,1.5692490143605857,0.26850515914374484,0.013425257957187242,5.644547462463379,0.0008925650035962462,0.007963174022734165,2.4847686290740967e-05,-0.03172256797552109,-0.026807419955730438,8.939216613769531,26.666666666666668,0,0.05,1,nan
228,0,228,1.8184620141983032,-1.0,1.5116733651608933,0.26850515914374484,0.013425257957187242,5.644547462463379,0.03174750879406929,0.03195545822381973,-0.0006116777658462524,-0.007320575416088104,-0.009067028760910034,6.682887077331543,26.666666666666668,0,0.05,1,nan
229,0,229,1.935388207435608,-1.0,1.360953405327677,0.26850515914374484,0.013425257957187242,5.644547462463379,6.225493416422978e-05,0.013915551826357841,-3.933906555175781e-05,-0.00867791473865509,-0.017444416880607605,7.033112049102783,26.666666666666668,0,0.05,1,nan
230,0,230,1.6653075218200684,-1.0,1.2513070759561125,0.26850515914374484,0.013425257957187242,5.644547462463379,0.005037345457822084,0.019045496359467506,-0.0008412152528762817,0.0010260269045829773,0.0033925622701644897,5.806214332580566,26.666666666666668,0,0.05,1,nan
231,0,231,1.8255653381347656,-1.0,1.1268949795562595,0.26850515914374484,0.013425257957187242,5.644547462463379,8.598272688686848e-05,0.011965124867856503,-7.534027099609375e-05,-0.0182054340839386,-0.020677626132965088,4.873256683349609,26.666666666666668,0,0.05,1,nan
232,0,232,1.938969612121582,-1.0,1.0171883512690798,0.26850515914374484,0.013425257957187242,5.644547462463379,0.0004200488911010325,0.014082039706408978,-0.00016629695892333984,-0.018443360924720764,-0.02201709896326065,5.166988372802734,26.666666666666668,0,0.05,1,nan
233,0,233,1.8540077209472656,-1.0,1.1486114853979719,0.26850515914374484,0.013425257957187242,5.644547462463379,0.026813562959432602,0.011500959284603596,-0.0013773739337921143,-0.025805525481700897,-0.02691890299320221,4.62044620513916,26.666666666666668,0,0.05,1,nan
234,0,234,1.889599323272705,-1.0,1.2822549763483047,0.26850515914374484,0.013425257957187242,5.644547462463379,0.016969909891486168,0.006828810088336468,-0.0013000145554542542,-0.021068505942821503,-0.02586039900779724,4.263139247894287,26.666666666666668,0,0.05,1,nan
235,0,235,1.686639428138733,-1.0,1.362343464274238,0.26850515914374484,0.013425257957187242,5.644547462463379,0.016089770942926407,0.007723807357251644,0.000475272536277771,-0.013013288378715515,-0.012824006378650665,5.6018524169921875,26.666666666666668,0,0.05,1,nan
236,0,236,2.038661241531372,-1.0,1.2807503745656246,0.26850515914374484,0.013425257957187242,5.644547462463379,0.0037045173812657595,0.0067797075025737286,-0.00033739209175109863,-0.010881699621677399,-0.012597046792507172,3.2521114349365234,26.666666666666668,0,0.05,1,nan
237,0,237,1.6506210565567017,-1.0,1.4285816802626576,0.26850515914374484,0.013425257957187242,5.644547462463379,0.016979869455099106,0.006154214963316917,-0.0012713968753814697,-0.02292793244123459,-0.017011456191539764,5.591904163360596,26.666666666666668,0,0.05,1,nan
238,0,238,1.826661229133606,-1.0,1.2929456640441868,0.26850515914374484,0.013425257957187242,5.644547462463379,0.000666135863866657,0.009223509579896927,-0.0003067776560783386,-0.016635403037071228,-0.012730628252029419,4.397489547729492,26.666666666666668,0,0.05,1,nan
239,0,239,1.6559295654296875,-1.0,1.2188723989907873,0.26850515914374484,0.013425257957187242,5.644547462463379,0.01527989748865366,0.027670295909047127,0.0008435472846031189,-0.017637796700000763,-0.015194341540336609,4.8164567947387695,26.666666666666668,0,0.05,1,nan
